                  epoch,         train/box_loss,         train/seg_loss,         train/obj_loss,         train/cls_loss,   metrics/precision(B),      metrics/recall(B),     metrics/mAP_0.5(B),metrics/mAP_0.5:0.95(B),   metrics/precision(M),      metrics/recall(M),     metrics/mAP_0.5(M),metrics/mAP_0.5:0.95(M),           val/box_loss,           val/seg_loss,           val/obj_loss,           val/cls_loss,                  x/lr0,                  x/lr1,                  x/lr2
                      0,               0.054236,               0.029496,               0.012437,               0.024628,                0.76981,                0.38446,                0.49026,                0.19572,                0.78561,                0.38878,                0.50863,                0.25885,               0.035286,               0.018825,              0.0082111,               0.012424,               0.070044,              0.0033284,              0.0033284
                      1,               0.039598,               0.018448,              0.0060339,               0.013093,                 0.7747,                0.35966,                0.45197,                0.22362,                0.78415,                 0.3663,                 0.4574,                0.25413,               0.030365,               0.021251,              0.0082106,               0.013188,               0.039978,              0.0065958,              0.0065958
                      2,               0.038293,               0.019829,                 0.0053,               0.012752,              0.0059603,                0.24909,              0.0054913,              0.0013616,              0.0049753,                0.15417,              0.0043176,             0.00084975,               0.057744,               0.073834,               0.010047,               0.064761,              0.0098461,              0.0097972,              0.0097972
                      3,               0.038048,               0.021409,              0.0050895,               0.011946,                0.75942,                0.46061,                0.50593,                0.24478,                0.75251,                0.45076,                0.47819,                0.24793,               0.030242,               0.023538,              0.0078539,              0.0087189,               0.009703,               0.009703,               0.009703
                      4,               0.035952,               0.020345,              0.0048116,               0.010227,                0.54542,                0.52934,                0.52905,                0.25613,                0.56099,                0.54021,                0.54496,                0.28625,               0.027704,               0.019515,              0.0072108,               0.012135,               0.009703,               0.009703,               0.009703
                      5,               0.033129,               0.019077,              0.0045538,              0.0087192,                0.55037,                0.51291,                0.55327,                0.31012,                0.56308,                0.47943,                0.54221,                0.32735,               0.024268,               0.018748,               0.007202,               0.011841,               0.009604,               0.009604,               0.009604
                      6,               0.031683,               0.018532,              0.0043186,              0.0083465,                0.75814,                0.73129,                0.78167,                0.39735,                0.73242,                0.73202,                0.77301,                0.43263,               0.023663,               0.017123,              0.0064432,               0.005146,               0.009505,               0.009505,               0.009505
                      7,               0.030386,                0.01795,              0.0041945,              0.0074599,                0.60082,                0.63301,                0.66674,                0.36328,                0.60842,                0.64815,                0.68294,                0.39354,               0.023076,               0.016885,              0.0064493,              0.0064102,               0.009406,               0.009406,               0.009406
                      8,               0.030093,               0.017711,              0.0041029,              0.0067775,                0.58804,                0.56911,                0.67891,                0.39099,                0.64881,                0.57878,                0.68257,                0.40321,               0.022154,                0.01669,               0.006423,              0.0064874,               0.009307,               0.009307,               0.009307
                      9,               0.028531,               0.017168,               0.004018,              0.0065008,                0.66867,                0.71801,                0.71287,                0.41733,                0.69016,                0.69969,                0.70553,                0.41971,               0.021423,               0.016738,              0.0061839,              0.0058947,               0.009208,               0.009208,               0.009208
                     10,               0.027952,               0.016887,              0.0039067,               0.006318,                 0.6912,                0.72696,                0.75527,                0.44218,                 0.7023,                0.75431,                0.76862,                0.46113,               0.020218,               0.015454,              0.0057963,              0.0051197,               0.009109,               0.009109,               0.009109
                     11,               0.027897,               0.016813,              0.0039366,              0.0059967,                0.74894,                0.76384,                0.81186,                 0.4831,                0.75048,                0.75072,                0.79046,                 0.4866,               0.020242,               0.015387,              0.0057596,              0.0038957,                0.00901,                0.00901,                0.00901
                     12,               0.026853,               0.016848,              0.0038446,              0.0056187,                 0.8166,                0.74011,                 0.8275,                0.48149,                0.81836,                0.74652,                0.81015,                 0.4916,               0.019878,               0.015429,               0.005627,              0.0033284,               0.008911,               0.008911,               0.008911
                     13,               0.026211,               0.016591,              0.0037949,              0.0052355,                0.81097,                0.75125,                 0.8411,                0.50376,                0.79473,                0.74131,                0.82013,                0.51655,               0.018726,               0.014464,              0.0057009,              0.0030064,               0.008812,               0.008812,               0.008812
                     14,               0.025939,               0.015958,              0.0037343,              0.0050756,                0.75365,                0.78157,                0.82137,                0.51449,                0.82067,                0.73981,                0.82312,                0.52193,               0.019069,               0.014146,              0.0054967,              0.0038182,               0.008713,               0.008713,               0.008713
                     15,               0.025727,               0.016146,              0.0037121,              0.0043897,                0.82533,                0.80618,                0.86912,                0.52545,                0.82758,                0.80433,                 0.8659,                0.53156,               0.018511,               0.014588,              0.0053985,               0.003365,               0.008614,               0.008614,               0.008614
                     16,               0.024719,               0.016118,              0.0036547,              0.0048199,                0.74874,                0.74006,                0.80684,                0.49911,                0.74714,                0.73998,                0.79994,                0.48852,               0.019091,               0.015135,              0.0057329,              0.0058176,               0.008515,               0.008515,               0.008515
                     17,               0.024318,               0.015567,              0.0035839,              0.0042467,                0.80462,                0.73295,                0.80349,                0.49797,                0.80636,                0.73499,                0.80338,                 0.5093,               0.019069,               0.014467,              0.0054432,               0.003279,               0.008416,               0.008416,               0.008416
                     18,               0.023725,               0.015376,              0.0035383,              0.0037498,                0.77924,                0.78211,                0.83687,                0.52333,                0.78854,                0.78296,                0.84636,                0.51793,               0.017989,               0.014557,              0.0053655,              0.0040316,               0.008317,               0.008317,               0.008317
                     19,               0.024638,               0.015341,              0.0035698,              0.0039514,                0.85518,                0.82331,                0.88324,                0.56845,                  0.854,                0.81969,                0.87202,                0.55764,               0.018416,               0.013868,              0.0052078,              0.0025767,               0.008218,               0.008218,               0.008218
                     20,                0.02418,               0.015247,              0.0035459,              0.0038428,                0.82622,                0.80852,                0.88347,                0.57162,                0.82377,                0.81972,                0.87747,                0.57247,               0.017877,               0.013864,              0.0051312,              0.0024743,               0.008119,               0.008119,               0.008119
                     21,               0.023332,                0.01515,              0.0034983,              0.0042006,                0.81445,                0.82101,                0.87524,                0.56196,                0.81487,                0.82055,                0.87166,                0.54845,               0.017105,               0.013909,              0.0051729,              0.0024486,                0.00802,                0.00802,                0.00802
                     22,               0.023652,                0.01523,              0.0034772,              0.0036291,                0.79083,                0.81047,                0.85074,                0.53599,                0.81565,                0.82889,                0.87242,                0.54292,               0.018059,               0.014159,              0.0052471,              0.0028306,               0.007921,               0.007921,               0.007921
                     23,                0.02243,               0.014925,              0.0033853,              0.0029026,                0.84975,                0.77789,                0.89412,                0.58327,                0.85648,                0.78176,                0.90069,                0.58503,               0.016981,                0.01326,                0.00497,               0.002279,               0.007822,               0.007822,               0.007822
                     24,               0.023135,               0.014838,              0.0033951,              0.0031614,                0.83338,                0.81815,                0.87373,                0.54962,                0.82888,                0.81591,                0.85701,                0.54176,               0.017756,               0.013649,              0.0050775,              0.0034188,               0.007723,               0.007723,               0.007723
                     25,               0.022981,               0.014799,              0.0033746,              0.0032104,                0.85431,                0.83961,                0.88627,                0.56239,                0.85419,                0.83708,                0.86838,                0.55715,               0.017666,               0.013916,              0.0051361,              0.0022082,               0.007624,               0.007624,               0.007624
                     26,               0.022671,               0.014655,              0.0033078,              0.0028166,                0.85261,                0.83659,                0.90241,                0.58619,                0.82389,                0.81911,                0.88889,                0.58279,               0.017844,                0.01338,              0.0050211,              0.0020746,               0.007525,               0.007525,               0.007525
                     27,               0.022071,               0.014653,              0.0033033,              0.0030906,                0.88667,                0.77738,                0.87324,                0.58579,                0.87414,                0.79212,                0.87525,                0.56744,                0.01692,                0.01337,              0.0050143,              0.0022019,               0.007426,               0.007426,               0.007426
                     28,               0.022219,               0.014639,              0.0033152,               0.002934,                0.86095,                0.82506,                0.91143,                0.58747,                0.88259,                0.79931,                0.90303,                 0.5761,               0.016791,               0.013311,              0.0050469,              0.0020659,               0.007327,               0.007327,               0.007327
                     29,               0.021827,               0.014431,              0.0033081,              0.0029273,                0.79031,                0.82067,                0.85773,                0.54686,                0.79161,                0.81799,                0.84047,                0.54088,               0.017204,               0.013729,               0.005127,              0.0027471,               0.007228,               0.007228,               0.007228
                     30,               0.022473,               0.014412,              0.0032687,              0.0033988,                 0.7692,                0.87131,                0.89244,                 0.5878,                0.78831,                0.84395,                0.88319,                0.58098,               0.016892,               0.013274,              0.0048694,              0.0024038,               0.007129,               0.007129,               0.007129
                     31,               0.021721,               0.014206,              0.0032437,              0.0028674,                0.82926,                0.87265,                0.90904,                0.59751,                0.83296,                0.87698,                0.91099,                0.59535,               0.016525,               0.012982,              0.0049916,              0.0019642,                0.00703,                0.00703,                0.00703
                     32,               0.021884,               0.014206,              0.0032064,              0.0029579,                0.84506,                0.88449,                0.91942,                0.60097,                0.83833,                0.87553,                0.90487,                0.58628,               0.016821,               0.012982,              0.0049448,              0.0015108,               0.006931,               0.006931,               0.006931
                     33,               0.021202,               0.014268,              0.0032366,              0.0027719,                0.82663,                0.86464,                0.91271,                0.59387,                 0.8228,                0.86249,                 0.9036,                0.59442,               0.016408,               0.013045,              0.0047746,              0.0020733,               0.006832,               0.006832,               0.006832
                     34,               0.020635,               0.014095,              0.0031497,              0.0021312,                 0.8772,                0.86309,                0.91944,                0.60503,                0.86499,                0.84818,                 0.9078,                0.60222,               0.016129,               0.012981,              0.0048916,              0.0018233,               0.006733,               0.006733,               0.006733
                     35,               0.021292,               0.013967,              0.0031638,               0.002191,                0.87686,                0.82863,                0.90916,                0.60359,                0.86738,                0.82187,                0.88843,                0.59326,               0.015884,               0.012858,              0.0048455,              0.0016355,               0.006634,               0.006634,               0.006634
                     36,               0.020808,               0.014044,              0.0031715,              0.0021787,                0.81731,                0.87762,                0.90233,                0.59622,                0.83989,                0.86921,                0.90366,                0.59223,               0.015874,                0.01295,              0.0047997,              0.0019356,               0.006535,               0.006535,               0.006535
                     37,                0.02078,               0.013926,              0.0031431,              0.0020539,                0.85127,                0.87378,                0.90726,                0.60163,                0.83669,                0.85535,                0.89661,                0.58889,               0.016579,               0.013317,                0.00479,              0.0021334,               0.006436,               0.006436,               0.006436
                     38,               0.020699,               0.013753,              0.0030774,               0.002352,                0.84166,                0.85985,                 0.9144,                0.59606,                0.84738,                0.86886,                0.91463,                0.59739,               0.016477,               0.013151,              0.0047633,                0.00257,               0.006337,               0.006337,               0.006337
                     39,               0.020499,               0.013892,              0.0030903,               0.002119,                0.86345,                0.86839,                0.92299,                0.63584,                0.85109,                0.86226,                0.91629,                0.61406,               0.015858,               0.012612,              0.0047152,               0.001806,               0.006238,               0.006238,               0.006238
                     40,               0.019976,               0.013608,              0.0030535,              0.0019903,                0.85354,                0.86666,                0.92308,                0.62643,                0.85368,                0.85853,                0.92162,                0.61681,               0.015697,               0.012621,              0.0046707,              0.0017733,               0.006139,               0.006139,               0.006139
                     41,               0.020054,               0.013715,              0.0030582,              0.0019689,                0.82561,                0.88508,                0.92049,                0.62746,                 0.8248,                0.88308,                0.92025,                0.61119,               0.015776,               0.012792,               0.004688,              0.0014801,                0.00604,                0.00604,                0.00604
                     42,               0.019837,                0.01376,              0.0030929,              0.0028481,                0.87603,                0.86926,                0.93427,                0.62679,                0.87022,                0.86616,                0.93049,                0.61537,               0.015683,               0.012801,              0.0046941,              0.0024844,               0.005941,               0.005941,               0.005941
                     43,               0.020052,               0.013726,               0.003047,              0.0016975,                0.89254,                0.84553,                0.92441,                0.62931,                0.86673,                0.86211,                0.90673,                0.61128,               0.015779,               0.012937,              0.0046903,              0.0016155,               0.005842,               0.005842,               0.005842
                     44,                0.02024,               0.013484,              0.0030178,              0.0016335,                0.87087,                0.89289,                0.93482,                0.63652,                0.87166,                0.89726,                0.93866,                0.62767,               0.015256,               0.012548,              0.0046242,               0.001242,               0.005743,               0.005743,               0.005743
                     45,               0.019283,               0.013337,              0.0029569,              0.0017395,                0.85851,                0.89319,                0.92507,                0.64081,                0.86157,                0.89268,                0.93557,                0.62068,                 0.0153,               0.012588,               0.004567,              0.0017038,               0.005644,               0.005644,               0.005644
                     46,                 0.0194,               0.013488,              0.0029743,              0.0016864,                0.87324,                 0.8762,                0.93541,                0.63978,                0.87759,                0.88052,                0.94172,                0.62509,               0.015284,               0.012536,              0.0045705,              0.0011992,               0.005545,               0.005545,               0.005545
                     47,               0.019375,               0.013299,              0.0029475,              0.0018216,                0.89471,                0.85799,                0.93318,                0.64394,                0.89534,                0.85897,                0.93767,                0.62888,               0.015469,               0.012485,               0.004577,              0.0012006,               0.005446,               0.005446,               0.005446
                     48,               0.019267,               0.013386,              0.0029806,              0.0019504,                0.83058,                0.89353,                0.93481,                0.64229,                0.81471,                0.87772,                0.91796,                0.62279,               0.015361,               0.012488,              0.0045573,              0.0012707,               0.005347,               0.005347,               0.005347
                     49,               0.019505,               0.013405,              0.0029811,              0.0019385,                0.84286,                0.89313,                0.93016,                0.63259,                0.84732,                0.89876,                0.93582,                0.62256,               0.015506,               0.012572,                0.00458,              0.0013322,               0.005248,               0.005248,               0.005248
                     50,                0.01913,                 0.0134,              0.0029481,              0.0015551,                0.85496,                 0.9004,                0.93183,                0.63592,                0.84334,                0.90933,                0.93435,                0.62365,               0.015272,               0.012389,              0.0045299,              0.0012801,               0.005149,               0.005149,               0.005149
                     51,               0.018623,               0.013131,               0.002899,              0.0013466,                0.88221,                0.89377,                0.95027,                0.65281,                0.88877,                0.89644,                0.95304,                0.63498,               0.015163,               0.012408,              0.0045248,              0.0011496,                0.00505,                0.00505,                0.00505
                     52,                0.01884,               0.013077,              0.0028798,              0.0011813,                0.85084,                0.90247,                0.93582,                 0.6495,                 0.8599,                0.89974,                0.94092,                0.62878,               0.015023,               0.012475,              0.0045211,              0.0013288,               0.004951,               0.004951,               0.004951
                     53,               0.018306,               0.013083,              0.0028682,              0.0014794,                0.86432,                0.89822,                 0.9488,                0.65222,                 0.8635,                0.89281,                0.94433,                0.63796,               0.015163,               0.012493,              0.0044767,             0.00085995,               0.004852,               0.004852,               0.004852
                     54,               0.018335,               0.012878,              0.0028472,              0.0014241,                0.89004,                0.88175,                0.94958,                0.65033,                 0.8945,                 0.8856,                0.95592,                0.63451,               0.015234,               0.012339,              0.0044156,             0.00084831,               0.004753,               0.004753,               0.004753
                     55,               0.018376,                0.01281,              0.0028358,             0.00099203,                0.87985,                0.91068,                 0.9448,                0.65753,                0.86938,                0.90196,                0.93526,                0.63789,                0.01503,               0.012352,               0.004417,              0.0011046,               0.004654,               0.004654,               0.004654
                     56,               0.018357,                0.01284,               0.002825,              0.0012618,                0.87076,                0.88702,                0.93391,                 0.6383,                0.86686,                0.88343,                0.92849,                0.63112,               0.015099,               0.012267,              0.0045342,              0.0012662,               0.004555,               0.004555,               0.004555
                     57,               0.018683,               0.013099,              0.0028451,              0.0016419,                0.87894,                0.87388,                0.93093,                0.64511,                0.88591,                0.88449,                 0.9336,                 0.6346,                0.01505,               0.012308,              0.0045383,               0.001059,               0.004456,               0.004456,               0.004456
                     58,                0.01804,               0.012785,              0.0028113,              0.0012573,                0.87365,                0.85301,                0.93449,                0.65355,                0.88427,                0.86778,                0.94475,                0.64439,               0.014863,               0.012469,              0.0044283,              0.0010409,               0.004357,               0.004357,               0.004357
                     59,               0.017735,               0.012739,              0.0027955,              0.0013659,                0.86974,                0.88635,                0.93705,                0.65024,                0.86957,                0.88617,                0.93766,                0.63781,               0.014817,               0.012296,              0.0043778,              0.0010605,               0.004258,               0.004258,               0.004258
                     60,               0.017948,               0.012722,              0.0027631,              0.0011551,                0.87197,                0.89447,                0.94511,                0.65875,                0.87159,                0.89429,                0.94629,                0.64305,               0.014548,               0.012158,              0.0043959,              0.0011136,               0.004159,               0.004159,               0.004159
                     61,               0.017956,               0.012621,              0.0027459,             0.00090862,                0.90973,                0.87042,                0.94327,                 0.6597,                0.91408,                0.87485,                0.94988,                0.64704,               0.014753,               0.012242,              0.0044125,             0.00090469,                0.00406,                0.00406,                0.00406
                     62,               0.017532,               0.012494,              0.0027529,              0.0010428,                0.87199,                 0.8947,                0.94365,                0.66015,                0.87288,                0.89577,                0.93501,                 0.6404,               0.014929,               0.012251,              0.0044356,             0.00079763,               0.003961,               0.003961,               0.003961
                     63,               0.017354,               0.012574,              0.0027387,              0.0011397,                0.90004,                0.86939,                0.94602,                0.66521,                0.90113,                0.87055,                0.94722,                0.64281,               0.014718,               0.012199,              0.0043964,             0.00085471,               0.003862,               0.003862,               0.003862
                     64,               0.017183,               0.012657,              0.0027172,             0.00086082,                0.87994,                0.90397,                0.94793,                0.65968,                0.87876,                0.89809,                0.94433,                0.63913,               0.014802,                0.01222,              0.0044365,             0.00079384,               0.003763,               0.003763,               0.003763
                     65,               0.017354,               0.012455,              0.0027046,              0.0011164,                 0.8671,                0.91763,                0.95123,                0.66429,                0.86756,                0.89769,                0.94385,                 0.6433,                0.01486,                0.01236,              0.0043608,              0.0012925,               0.003664,               0.003664,               0.003664
                     66,               0.017066,               0.012347,              0.0026797,             0.00095605,                0.88747,                0.89786,                0.94267,                0.65881,                0.88943,                0.89917,                0.94452,                0.64807,               0.015017,               0.012266,              0.0043976,             0.00080664,               0.003565,               0.003565,               0.003565
                     67,               0.016928,               0.012419,               0.002693,               0.000875,                0.87648,                0.91065,                0.94009,                 0.6584,                0.88933,                0.89929,                 0.9402,                0.63606,               0.014997,                 0.0123,              0.0043623,              0.0010773,               0.003466,               0.003466,               0.003466
                     68,                0.01708,                0.01232,              0.0026523,             0.00066044,                0.84526,                 0.9203,                0.93865,                0.65404,                0.84803,                0.92303,                0.93922,                 0.6384,               0.014911,               0.012186,              0.0043819,             0.00086823,               0.003367,               0.003367,               0.003367
                     69,               0.017205,               0.012325,              0.0026398,             0.00054943,                0.90135,                0.89957,                0.94577,                0.65125,                0.90478,                0.90214,                0.94673,                0.63942,               0.015202,               0.012311,              0.0043613,              0.0010589,               0.003268,               0.003268,               0.003268
                     70,               0.016571,               0.012334,              0.0026394,             0.00094131,                0.87576,                0.91802,                0.94719,                0.66165,                0.88001,                 0.9238,                0.95151,                 0.6429,               0.014698,               0.012213,              0.0043224,             0.00085238,               0.003169,               0.003169,               0.003169
                     71,               0.016555,               0.012149,               0.002606,             0.00066443,                0.87955,                0.90534,                0.94226,                0.66735,                0.88252,                0.90842,                0.94513,                0.64898,               0.014665,               0.012111,              0.0043207,             0.00063428,                0.00307,                0.00307,                0.00307
                     72,               0.016143,               0.012136,              0.0025815,             0.00058644,                0.88514,                0.91907,                 0.9529,                0.66122,                0.89128,                0.92552,                0.95643,                0.64717,               0.014711,               0.012226,              0.0043353,             0.00092394,               0.002971,               0.002971,               0.002971
                     73,               0.015975,                0.01198,               0.002558,             0.00058024,                0.90506,                0.90663,                0.95296,                0.66114,                0.90697,                0.90392,                 0.9469,                0.64879,                 0.0147,               0.012066,              0.0043523,             0.00077861,               0.002872,               0.002872,               0.002872
                     74,               0.016109,                0.01201,              0.0025512,             0.00048582,                0.90048,                0.89637,                0.95054,                0.66847,                0.90222,                0.90319,                 0.9525,                0.65214,               0.014763,               0.012107,              0.0043422,             0.00062417,               0.002773,               0.002773,               0.002773
                     75,               0.015824,                0.01199,              0.0025346,             0.00057783,                0.89065,                0.90657,                0.95297,                0.67067,                0.89485,                0.91333,                 0.9524,                0.65071,               0.014742,               0.012114,              0.0042959,             0.00073928,               0.002674,               0.002674,               0.002674
                     76,               0.016001,               0.011885,              0.0025134,             0.00059996,                0.86376,                0.91341,                0.94965,                0.66863,                0.91475,                0.87219,                0.94636,                0.65028,               0.014742,               0.012231,              0.0043452,             0.00070196,               0.002575,               0.002575,               0.002575
                     77,               0.015566,               0.011906,              0.0025263,              0.0004854,                0.91449,                0.89444,                0.95414,                0.66746,                0.91828,                0.90034,                0.95737,                0.64926,                0.01455,                0.01216,              0.0042868,             0.00068292,               0.002476,               0.002476,               0.002476
                     78,               0.015444,               0.011767,               0.002477,             0.00041217,                 0.9097,                0.90465,                0.95313,                 0.6666,                0.91475,                  0.907,                0.95704,                 0.6517,               0.014689,               0.012135,              0.0043108,             0.00069154,               0.002377,               0.002377,               0.002377
                     79,               0.015329,               0.011782,              0.0024942,             0.00042306,                0.89703,                0.91418,                0.95448,                0.66852,                0.88867,                0.91409,                0.94917,                0.65358,               0.014754,               0.012193,              0.0042882,              0.0006465,               0.002278,               0.002278,               0.002278
                     80,               0.015223,               0.011829,              0.0024625,             0.00049378,                0.89733,                0.90559,                0.95228,                0.67618,                0.90292,                0.90785,                0.95316,                 0.6547,                 0.0145,                0.01216,              0.0042327,             0.00084029,               0.002179,               0.002179,               0.002179
                     81,               0.015094,               0.011855,              0.0024856,             0.00039023,                0.89328,                0.91571,                0.95502,                0.67638,                0.89748,                0.92014,                 0.9555,                0.65393,               0.014445,               0.012199,              0.0042644,              0.0009101,                0.00208,                0.00208,                0.00208
                     82,               0.015188,               0.011672,              0.0024686,             0.00034893,                0.89284,                0.91685,                0.94984,                0.67381,                0.89811,                0.92244,                 0.9544,                0.64991,               0.014471,               0.012274,              0.0042963,             0.00072986,               0.001981,               0.001981,               0.001981
                     83,               0.014583,               0.011516,              0.0024023,             0.00035837,                0.88905,                0.91821,                0.95376,                0.67441,                 0.8929,                0.92142,                0.95605,                0.65251,               0.014504,               0.012257,              0.0043115,             0.00076691,               0.001882,               0.001882,               0.001882
                     84,               0.014698,               0.011539,               0.002432,             0.00037488,                0.88452,                0.91367,                0.95274,                0.66813,                0.88924,                0.92063,                0.95684,                0.65069,               0.014514,               0.012249,              0.0042967,             0.00070686,               0.001783,               0.001783,               0.001783
                     85,                 0.0145,               0.011582,              0.0023986,              0.0004222,                0.88145,                0.91336,                0.95582,                 0.6703,                0.90535,                0.90805,                0.95838,                0.65494,               0.014622,               0.012238,              0.0042685,             0.00067028,               0.001684,               0.001684,               0.001684
                     86,               0.014642,               0.011531,              0.0023717,             0.00030389,                0.88819,                0.92238,                0.95594,                0.67542,                0.88709,                0.92192,                0.95387,                 0.6529,               0.014516,               0.012151,              0.0042888,             0.00074305,               0.001585,               0.001585,               0.001585
                     87,               0.014435,                0.01146,              0.0023487,             0.00032158,                0.90013,                0.90877,                0.95439,                0.67816,                 0.8976,                0.91052,                0.95503,                0.64972,               0.014598,               0.012202,              0.0043103,             0.00050284,               0.001486,               0.001486,               0.001486
                     88,                0.01449,               0.011389,              0.0023661,             0.00032269,                0.90174,                0.91001,                0.95318,                 0.6741,                0.90223,                0.90657,                 0.9522,                 0.6512,               0.014567,               0.012239,              0.0043088,              0.0005587,               0.001387,               0.001387,               0.001387
                     89,                0.01419,               0.011379,              0.0023265,             0.00031463,                0.89203,                0.90741,                0.95265,                0.67697,                0.89279,                0.91014,                0.95387,                0.65556,               0.014463,               0.012263,              0.0042962,              0.0005072,               0.001288,               0.001288,               0.001288
                     90,                0.01392,               0.011426,              0.0023464,             0.00026785,                 0.8892,                0.91256,                0.95179,                0.67146,                0.89677,                0.92021,                0.95675,                0.65171,               0.014586,               0.012279,              0.0043103,             0.00064365,               0.001189,               0.001189,               0.001189
                     91,               0.013876,               0.011373,              0.0023122,             0.00026214,                0.88139,                0.91693,                0.95061,                0.67372,                0.88134,                0.91697,                0.95077,                0.64945,               0.014551,               0.012319,              0.0042864,             0.00074104,                0.00109,                0.00109,                0.00109
                     92,               0.013803,               0.011334,              0.0023089,             0.00029981,                0.88464,                0.92019,                 0.9492,                0.67439,                0.88353,                0.91831,                0.94965,                0.65011,               0.014421,               0.012285,              0.0042861,             0.00075321,               0.000991,               0.000991,               0.000991
                     93,               0.013622,                0.01136,              0.0022907,             0.00041075,                0.89411,                0.90776,                0.94998,                0.67492,                0.89072,                 0.9044,                   0.95,                0.65055,               0.014506,               0.012274,              0.0043079,             0.00069148,               0.000892,               0.000892,               0.000892
                     94,               0.013332,               0.011165,              0.0022616,             0.00022088,                0.89612,                0.90256,                0.94929,                0.67356,                0.89821,                0.90478,                0.95006,                0.64894,                0.01461,                0.01231,              0.0043241,              0.0006752,               0.000793,               0.000793,               0.000793
                     95,                0.01342,               0.011165,              0.0022861,             0.00021702,                0.87364,                0.92151,                0.95282,                0.67638,                 0.8911,                0.90437,                0.95384,                0.65081,                0.01452,               0.012357,               0.004326,             0.00064949,               0.000694,               0.000694,               0.000694
                     96,                0.01318,               0.011109,              0.0022647,             0.00022409,                0.88824,                0.90819,                0.95266,                 0.6738,                0.88997,                0.90919,                0.95436,                0.65094,               0.014566,               0.012365,              0.0043084,             0.00068189,               0.000595,               0.000595,               0.000595
                     97,               0.013241,               0.011179,              0.0022623,             0.00020326,                0.89329,                0.90594,                0.95183,                0.67681,                 0.8955,                0.90711,                0.95283,                0.64934,               0.014617,               0.012411,              0.0043223,             0.00071371,               0.000496,               0.000496,               0.000496
                     98,               0.013165,               0.011248,              0.0022427,             0.00027196,                0.89909,                0.89355,                0.95001,                0.67576,                0.90335,                0.89651,                0.95144,                0.64828,               0.014526,               0.012374,              0.0043282,             0.00073284,               0.000397,               0.000397,               0.000397
                     99,               0.013008,               0.010972,              0.0022394,             0.00018742,                0.88712,                0.89896,                0.94973,                 0.6743,                 0.8893,                0.89933,                0.94918,                0.64951,               0.014486,               0.012355,              0.0043399,             0.00071386,               0.000298,               0.000298,               0.000298
                    100,                0.89207,                0.90741,                0.95263,                0.67669,                 0.8931,                0.91006,                0.95385,                0.65495,               0.014461,               0.012262,              0.0042956,             0.00050678
